Seite	Seite-Anzeige	urn
1	 - 	urn:nbn:de:kobv:109-1-2414794
2	- 	urn:nbn:de:kobv:109-1-2414801
3	- 	urn:nbn:de:kobv:109-1-2414819
4	- 	urn:nbn:de:kobv:109-1-2414825
5	- 	urn:nbn:de:kobv:109-1-2414838
6	- 	urn:nbn:de:kobv:109-1-2414849
7	- 	urn:nbn:de:kobv:109-1-2414851
8	- 	urn:nbn:de:kobv:109-1-2414861
9	5	urn:nbn:de:kobv:109-1-2414877
10	6	urn:nbn:de:kobv:109-1-2414889
11	7	urn:nbn:de:kobv:109-1-2414890
12	- 	urn:nbn:de:kobv:109-1-2414909
13	- 	urn:nbn:de:kobv:109-1-2414918
14	8	urn:nbn:de:kobv:109-1-2414925
15	9	urn:nbn:de:kobv:109-1-2414933
16	10	urn:nbn:de:kobv:109-1-2414944
17	11	urn:nbn:de:kobv:109-1-2414951
18	12	urn:nbn:de:kobv:109-1-2414966
19	13	urn:nbn:de:kobv:109-1-2414975
20	14	urn:nbn:de:kobv:109-1-2414980
21	15	urn:nbn:de:kobv:109-1-2414992
22	16	urn:nbn:de:kobv:109-1-2415008
23	17	urn:nbn:de:kobv:109-1-2415017
24	18	urn:nbn:de:kobv:109-1-2415027
25	19	urn:nbn:de:kobv:109-1-2415037
26	20	urn:nbn:de:kobv:109-1-2415045
27	21	urn:nbn:de:kobv:109-1-2415057
28	22	urn:nbn:de:kobv:109-1-2415065
29	23	urn:nbn:de:kobv:109-1-2415077
30	24	urn:nbn:de:kobv:109-1-2415083
31	25	urn:nbn:de:kobv:109-1-2415097
32	26	urn:nbn:de:kobv:109-1-2415104
33	27	urn:nbn:de:kobv:109-1-2415110
34	28	urn:nbn:de:kobv:109-1-2415122
35	29	urn:nbn:de:kobv:109-1-2415138
36	30	urn:nbn:de:kobv:109-1-2415144
37	31	urn:nbn:de:kobv:109-1-2415154
38	32	urn:nbn:de:kobv:109-1-2415162
39	33	urn:nbn:de:kobv:109-1-2415172
40	34	urn:nbn:de:kobv:109-1-2415188
41	35	urn:nbn:de:kobv:109-1-2415193
42	36	urn:nbn:de:kobv:109-1-2415200
43	37	urn:nbn:de:kobv:109-1-2415213
44	38	urn:nbn:de:kobv:109-1-2415228
45	39	urn:nbn:de:kobv:109-1-2415230
46	40	urn:nbn:de:kobv:109-1-2415243
47	41	urn:nbn:de:kobv:109-1-2415252
48	42	urn:nbn:de:kobv:109-1-2415268
49	43	urn:nbn:de:kobv:109-1-2415278
50	44	urn:nbn:de:kobv:109-1-2415284
51	45	urn:nbn:de:kobv:109-1-2415299
52	46	urn:nbn:de:kobv:109-1-2415306
53	47	urn:nbn:de:kobv:109-1-2415316
54	48	urn:nbn:de:kobv:109-1-2415323
55	49	urn:nbn:de:kobv:109-1-2415331
56	50	urn:nbn:de:kobv:109-1-2415342
57	51	urn:nbn:de:kobv:109-1-2415350
58	52	urn:nbn:de:kobv:109-1-2415365
59	53	urn:nbn:de:kobv:109-1-2415374
60	54	urn:nbn:de:kobv:109-1-2415389
61	55	urn:nbn:de:kobv:109-1-2415395
62	56	urn:nbn:de:kobv:109-1-2415402
63	57	urn:nbn:de:kobv:109-1-2415419
64	58	urn:nbn:de:kobv:109-1-2415428
65	59	urn:nbn:de:kobv:109-1-2415433
66	60	urn:nbn:de:kobv:109-1-2415442
67	61	urn:nbn:de:kobv:109-1-2415457
68	62	urn:nbn:de:kobv:109-1-2415462
69	63	urn:nbn:de:kobv:109-1-2415470
70	64	urn:nbn:de:kobv:109-1-2415484
71	65	urn:nbn:de:kobv:109-1-2415491
72	66	urn:nbn:de:kobv:109-1-2415508
73	67	urn:nbn:de:kobv:109-1-2415512
74	68	urn:nbn:de:kobv:109-1-2415524
75	69	urn:nbn:de:kobv:109-1-2415534
76	70	urn:nbn:de:kobv:109-1-2415541
77	71	urn:nbn:de:kobv:109-1-2415555
78	72	urn:nbn:de:kobv:109-1-2415568
79	73	urn:nbn:de:kobv:109-1-2415575
80	74	urn:nbn:de:kobv:109-1-2415589
81	75	urn:nbn:de:kobv:109-1-2415597
82	76	urn:nbn:de:kobv:109-1-2415604
83	77	urn:nbn:de:kobv:109-1-2415615
84	78	urn:nbn:de:kobv:109-1-2415629
85	79	urn:nbn:de:kobv:109-1-2415636
86	80	urn:nbn:de:kobv:109-1-2415640
87	81	urn:nbn:de:kobv:109-1-2415653
88	82	urn:nbn:de:kobv:109-1-2415665
89	83	urn:nbn:de:kobv:109-1-2415671
90	84	urn:nbn:de:kobv:109-1-2415684
91	85	urn:nbn:de:kobv:109-1-2415693
92	86	urn:nbn:de:kobv:109-1-2415700
93	87	urn:nbn:de:kobv:109-1-2415718
94	88	urn:nbn:de:kobv:109-1-2415724
95	89	urn:nbn:de:kobv:109-1-2415737
96	90	urn:nbn:de:kobv:109-1-2415749
97	91	urn:nbn:de:kobv:109-1-2415750
98	92	urn:nbn:de:kobv:109-1-2415761
99	93	urn:nbn:de:kobv:109-1-2415777
100	94	urn:nbn:de:kobv:109-1-2415789
101	95	urn:nbn:de:kobv:109-1-2415799
102	96	urn:nbn:de:kobv:109-1-2415806
103	97	urn:nbn:de:kobv:109-1-2415811
104	98	urn:nbn:de:kobv:109-1-2415820
105	99	urn:nbn:de:kobv:109-1-2415839
106	100	urn:nbn:de:kobv:109-1-2415848
107	101	urn:nbn:de:kobv:109-1-2415858
108	102	urn:nbn:de:kobv:109-1-2415868
109	103	urn:nbn:de:kobv:109-1-2415873
110	104	urn:nbn:de:kobv:109-1-2415884
111	105	urn:nbn:de:kobv:109-1-2415895
112	106	urn:nbn:de:kobv:109-1-2415904
113	107	urn:nbn:de:kobv:109-1-2415911
114	108	urn:nbn:de:kobv:109-1-2415920
115	109	urn:nbn:de:kobv:109-1-2415934
116	110	urn:nbn:de:kobv:109-1-2415943
117	111	urn:nbn:de:kobv:109-1-2415959
118	112	urn:nbn:de:kobv:109-1-2415963
119	1	urn:nbn:de:kobv:109-1-2415971
120	2	urn:nbn:de:kobv:109-1-2415985
121	3	urn:nbn:de:kobv:109-1-2415997
122	4	urn:nbn:de:kobv:109-1-2416003
123	5	urn:nbn:de:kobv:109-1-2416010
124	6	urn:nbn:de:kobv:109-1-2416022
125	7	urn:nbn:de:kobv:109-1-2416038
126	8	urn:nbn:de:kobv:109-1-2416044
127	9	urn:nbn:de:kobv:109-1-2416054
128	10	urn:nbn:de:kobv:109-1-2416062
129	11	urn:nbn:de:kobv:109-1-2416072
130	12	urn:nbn:de:kobv:109-1-2416088
131	13	urn:nbn:de:kobv:109-1-2416092
132	14	urn:nbn:de:kobv:109-1-2416109
133	15	urn:nbn:de:kobv:109-1-2416113
134	16	urn:nbn:de:kobv:109-1-2416127
135	17	urn:nbn:de:kobv:109-1-2416130
136	18	urn:nbn:de:kobv:109-1-2416143
137	19	urn:nbn:de:kobv:109-1-2416152
138	20	urn:nbn:de:kobv:109-1-2416168
139	21	urn:nbn:de:kobv:109-1-2416178
140	22	urn:nbn:de:kobv:109-1-2416183
141	23	urn:nbn:de:kobv:109-1-2416198
142	24	urn:nbn:de:kobv:109-1-2416205
143	25	urn:nbn:de:kobv:109-1-2416216
144	26	urn:nbn:de:kobv:109-1-2416223
145	27	urn:nbn:de:kobv:109-1-2416231
146	28	urn:nbn:de:kobv:109-1-2416242
147	29	urn:nbn:de:kobv:109-1-2416250
148	30	urn:nbn:de:kobv:109-1-2416265
149	31	urn:nbn:de:kobv:109-1-2416274
150	32	urn:nbn:de:kobv:109-1-2416289
151	33	urn:nbn:de:kobv:109-1-2416294
152	34	urn:nbn:de:kobv:109-1-2416301
153	35	urn:nbn:de:kobv:109-1-2416319
154	36	urn:nbn:de:kobv:109-1-2416328
155	37	urn:nbn:de:kobv:109-1-2416333
156	38	urn:nbn:de:kobv:109-1-2416341
157	39	urn:nbn:de:kobv:109-1-2416357
158	40	urn:nbn:de:kobv:109-1-2416361
159	41	urn:nbn:de:kobv:109-1-2416370
160	42	urn:nbn:de:kobv:109-1-2416384
161	43	urn:nbn:de:kobv:109-1-2416390
162	44	urn:nbn:de:kobv:109-1-2416407
163	45	urn:nbn:de:kobv:109-1-2416412
164	46	urn:nbn:de:kobv:109-1-2416423
165	47	urn:nbn:de:kobv:109-1-2416434
166	48	urn:nbn:de:kobv:109-1-2416441
167	49	urn:nbn:de:kobv:109-1-2416455
168	50	urn:nbn:de:kobv:109-1-2416468
169	51	urn:nbn:de:kobv:109-1-2416475
170	52	urn:nbn:de:kobv:109-1-2416489
171	53	urn:nbn:de:kobv:109-1-2416496
172	54	urn:nbn:de:kobv:109-1-2416503
173	55	urn:nbn:de:kobv:109-1-2416515
174	56	urn:nbn:de:kobv:109-1-2416529
175	57	urn:nbn:de:kobv:109-1-2416536
176	58	urn:nbn:de:kobv:109-1-2416540
177	59	urn:nbn:de:kobv:109-1-2416553
178	60	urn:nbn:de:kobv:109-1-2416565
179	61	urn:nbn:de:kobv:109-1-2416571
180	62	urn:nbn:de:kobv:109-1-2416584
181	63	urn:nbn:de:kobv:109-1-2416592
182	64	urn:nbn:de:kobv:109-1-2416609
183	65	urn:nbn:de:kobv:109-1-2416618
184	66	urn:nbn:de:kobv:109-1-2416624
185	67	urn:nbn:de:kobv:109-1-2416637
186	68	urn:nbn:de:kobv:109-1-2416649
187	69	urn:nbn:de:kobv:109-1-2416650
188	70	urn:nbn:de:kobv:109-1-2416661
189	71	urn:nbn:de:kobv:109-1-2416677
190	72	urn:nbn:de:kobv:109-1-2416689
191	73	urn:nbn:de:kobv:109-1-2416698
192	74	urn:nbn:de:kobv:109-1-2416705
193	75	urn:nbn:de:kobv:109-1-2416711
194	76	urn:nbn:de:kobv:109-1-2416729
195	77	urn:nbn:de:kobv:109-1-2416739
196	78	urn:nbn:de:kobv:109-1-2416748
197	79	urn:nbn:de:kobv:109-1-2416758
198	80	urn:nbn:de:kobv:109-1-2416768
199	81	urn:nbn:de:kobv:109-1-2416773
200	82	urn:nbn:de:kobv:109-1-2416784
201	83	urn:nbn:de:kobv:109-1-2416794
202	84	urn:nbn:de:kobv:109-1-2416801
203	85	urn:nbn:de:kobv:109-1-2416814
204	86	urn:nbn:de:kobv:109-1-2416825
205	87	urn:nbn:de:kobv:109-1-2416830
206	88	urn:nbn:de:kobv:109-1-2416847
207	89	urn:nbn:de:kobv:109-1-2416856
208	90	urn:nbn:de:kobv:109-1-2416864
209	91	urn:nbn:de:kobv:109-1-2416878
210	92	urn:nbn:de:kobv:109-1-2416889
211	93	urn:nbn:de:kobv:109-1-2416890
212	94	urn:nbn:de:kobv:109-1-2416909
213	95	urn:nbn:de:kobv:109-1-2416913
214	96	urn:nbn:de:kobv:109-1-2416925
215	97	urn:nbn:de:kobv:109-1-2416935
216	98	urn:nbn:de:kobv:109-1-2416942
217	99	urn:nbn:de:kobv:109-1-2416956
218	100	urn:nbn:de:kobv:109-1-2416969
219	101	urn:nbn:de:kobv:109-1-2416976
220	102	urn:nbn:de:kobv:109-1-2416980
221	103	urn:nbn:de:kobv:109-1-2416992
222	104	urn:nbn:de:kobv:109-1-2417008
223	105	urn:nbn:de:kobv:109-1-2417012
224	106	urn:nbn:de:kobv:109-1-2417027
225	107	urn:nbn:de:kobv:109-1-2417039
226	108	urn:nbn:de:kobv:109-1-2417043
227	109	urn:nbn:de:kobv:109-1-2417052
228	110	urn:nbn:de:kobv:109-1-2417068
229	111	urn:nbn:de:kobv:109-1-2417078
230	112	urn:nbn:de:kobv:109-1-2417083
231	113	urn:nbn:de:kobv:109-1-2417097
232	114	urn:nbn:de:kobv:109-1-2417104
233	115	urn:nbn:de:kobv:109-1-2417115
234	116	urn:nbn:de:kobv:109-1-2417122
235	117	urn:nbn:de:kobv:109-1-2417131
236	118	urn:nbn:de:kobv:109-1-2417142
237	119	urn:nbn:de:kobv:109-1-2417159
238	120	urn:nbn:de:kobv:109-1-2417165
239	121	urn:nbn:de:kobv:109-1-2417174
240	122	urn:nbn:de:kobv:109-1-2417188
241	123	urn:nbn:de:kobv:109-1-2417193
242	124	urn:nbn:de:kobv:109-1-2417200
243	125	urn:nbn:de:kobv:109-1-2417218
244	126	urn:nbn:de:kobv:109-1-2417228
245	127	urn:nbn:de:kobv:109-1-2417232
246	128	urn:nbn:de:kobv:109-1-2417241
247	129	urn:nbn:de:kobv:109-1-2417257
248	130	urn:nbn:de:kobv:109-1-2417261
249	131	urn:nbn:de:kobv:109-1-2417279
250	132	urn:nbn:de:kobv:109-1-2417284
251	133	urn:nbn:de:kobv:109-1-2417299
252	134	urn:nbn:de:kobv:109-1-2417306
253	135	urn:nbn:de:kobv:109-1-2417311
254	136	urn:nbn:de:kobv:109-1-2417323
255	137	urn:nbn:de:kobv:109-1-2417334
256	138	urn:nbn:de:kobv:109-1-2417340
257	139	urn:nbn:de:kobv:109-1-2417355
258	140	urn:nbn:de:kobv:109-1-2417368
259	141	urn:nbn:de:kobv:109-1-2417375
260	142	urn:nbn:de:kobv:109-1-2417389
261	143	urn:nbn:de:kobv:109-1-2417395
262	144	urn:nbn:de:kobv:109-1-2417402
263	145	urn:nbn:de:kobv:109-1-2417414
264	146	urn:nbn:de:kobv:109-1-2417428
265	147	urn:nbn:de:kobv:109-1-2417435
266	148	urn:nbn:de:kobv:109-1-2417440
267	149	urn:nbn:de:kobv:109-1-2417452
268	150	urn:nbn:de:kobv:109-1-2417464
269	151	urn:nbn:de:kobv:109-1-2417471
270	152	urn:nbn:de:kobv:109-1-2417484
271	153	urn:nbn:de:kobv:109-1-2417491
272	154	urn:nbn:de:kobv:109-1-2417508
273	155	urn:nbn:de:kobv:109-1-2417517
274	156	urn:nbn:de:kobv:109-1-2417524
275	157	urn:nbn:de:kobv:109-1-2417537
276	158	urn:nbn:de:kobv:109-1-2417549
277	159	urn:nbn:de:kobv:109-1-2417550
278	160	urn:nbn:de:kobv:109-1-2417561
279	161	urn:nbn:de:kobv:109-1-2417577
280	162	urn:nbn:de:kobv:109-1-2417589
281	163	urn:nbn:de:kobv:109-1-2417597
282	164	urn:nbn:de:kobv:109-1-2417604
283	165	urn:nbn:de:kobv:109-1-2417610
284	166	urn:nbn:de:kobv:109-1-2417629
285	167	urn:nbn:de:kobv:109-1-2417638
286	168	urn:nbn:de:kobv:109-1-2417648
287	169	urn:nbn:de:kobv:109-1-2417658
288	170	urn:nbn:de:kobv:109-1-2417668
289	171	urn:nbn:de:kobv:109-1-2417672
290	172	urn:nbn:de:kobv:109-1-2417684
291	173	urn:nbn:de:kobv:109-1-2417693
292	174	urn:nbn:de:kobv:109-1-2417700
293	175	urn:nbn:de:kobv:109-1-2417713
294	176	urn:nbn:de:kobv:109-1-2417724
295	177	urn:nbn:de:kobv:109-1-2417730
296	178	urn:nbn:de:kobv:109-1-2417747
297	179	urn:nbn:de:kobv:109-1-2417755
298	180	urn:nbn:de:kobv:109-1-2417764
299	181	urn:nbn:de:kobv:109-1-2417778
300	182	urn:nbn:de:kobv:109-1-2417789
301	183	urn:nbn:de:kobv:109-1-2417799
302	184	urn:nbn:de:kobv:109-1-2417806
303	185	urn:nbn:de:kobv:109-1-2417816
304	186	urn:nbn:de:kobv:109-1-2417820
305	187	urn:nbn:de:kobv:109-1-2417831
306	188	urn:nbn:de:kobv:109-1-2417846
307	189	urn:nbn:de:kobv:109-1-2417853
308	190	urn:nbn:de:kobv:109-1-2417861
309	191	urn:nbn:de:kobv:109-1-2417874
310	192	urn:nbn:de:kobv:109-1-2417884
311	193	urn:nbn:de:kobv:109-1-2417895
312	194	urn:nbn:de:kobv:109-1-2417904
313	195	urn:nbn:de:kobv:109-1-2417916
314	196	urn:nbn:de:kobv:109-1-2417920
315	197	urn:nbn:de:kobv:109-1-2417937
316	198	urn:nbn:de:kobv:109-1-2417941
317	199	urn:nbn:de:kobv:109-1-2417954
318	200	urn:nbn:de:kobv:109-1-2417966
319	201	urn:nbn:de:kobv:109-1-2417972
320	202	urn:nbn:de:kobv:109-1-2417985
321	203	urn:nbn:de:kobv:109-1-2417997
322	204	urn:nbn:de:kobv:109-1-2418003
323	205	urn:nbn:de:kobv:109-1-2418015
324	206	urn:nbn:de:kobv:109-1-2418022
325	207	urn:nbn:de:kobv:109-1-2418031
326	208	urn:nbn:de:kobv:109-1-2418042
327	209	urn:nbn:de:kobv:109-1-2418059
328	210	urn:nbn:de:kobv:109-1-2418065
329	211	urn:nbn:de:kobv:109-1-2418074
330	212	urn:nbn:de:kobv:109-1-2418088
331	213	urn:nbn:de:kobv:109-1-2418092
332	214	urn:nbn:de:kobv:109-1-2418109
333	215	urn:nbn:de:kobv:109-1-2418118
334	216	urn:nbn:de:kobv:109-1-2418127
335	217	urn:nbn:de:kobv:109-1-2418132
336	218	urn:nbn:de:kobv:109-1-2418141
337	219	urn:nbn:de:kobv:109-1-2418157
338	220	urn:nbn:de:kobv:109-1-2418161
339	221	urn:nbn:de:kobv:109-1-2418179
340	222	urn:nbn:de:kobv:109-1-2418183
341	223	urn:nbn:de:kobv:109-1-2418198
342	224	urn:nbn:de:kobv:109-1-2418205
343	225	urn:nbn:de:kobv:109-1-2418211
344	226	urn:nbn:de:kobv:109-1-2418223
345	227	urn:nbn:de:kobv:109-1-2418234
346	228	urn:nbn:de:kobv:109-1-2418240
347	229	urn:nbn:de:kobv:109-1-2418255
348	230	urn:nbn:de:kobv:109-1-2418268
349	231	urn:nbn:de:kobv:109-1-2418275
350	232	urn:nbn:de:kobv:109-1-2418289
351	233	urn:nbn:de:kobv:109-1-2418294
352	234	urn:nbn:de:kobv:109-1-2418301
353	235	urn:nbn:de:kobv:109-1-2418314
354	236	urn:nbn:de:kobv:109-1-2418328
355	237	urn:nbn:de:kobv:109-1-2418335
356	238	urn:nbn:de:kobv:109-1-2418349
357	239	urn:nbn:de:kobv:109-1-2418352
358	240	urn:nbn:de:kobv:109-1-2418364
359	241	urn:nbn:de:kobv:109-1-2418371
360	242	urn:nbn:de:kobv:109-1-2418384
361	243	urn:nbn:de:kobv:109-1-2418390
362	244	urn:nbn:de:kobv:109-1-2418407
363	245	urn:nbn:de:kobv:109-1-2418417
364	246	urn:nbn:de:kobv:109-1-2418423
365	247	urn:nbn:de:kobv:109-1-2418437
366	248	urn:nbn:de:kobv:109-1-2418449
367	249	urn:nbn:de:kobv:109-1-2418450
368	250	urn:nbn:de:kobv:109-1-2418461
369	251	urn:nbn:de:kobv:109-1-2418477
370	252	urn:nbn:de:kobv:109-1-2418489
371	253	urn:nbn:de:kobv:109-1-2418496
372	254	urn:nbn:de:kobv:109-1-2418503
373	255	urn:nbn:de:kobv:109-1-2418510
374	256	urn:nbn:de:kobv:109-1-2418529
375	257	urn:nbn:de:kobv:109-1-2418538
376	258	urn:nbn:de:kobv:109-1-2418548
377	259	urn:nbn:de:kobv:109-1-2418558
378	260	urn:nbn:de:kobv:109-1-2418567
379	261	urn:nbn:de:kobv:109-1-2418572
380	262	urn:nbn:de:kobv:109-1-2418584
381	263	urn:nbn:de:kobv:109-1-2418592
382	264	urn:nbn:de:kobv:109-1-2418609
383	265	urn:nbn:de:kobv:109-1-2418613
384	266	urn:nbn:de:kobv:109-1-2418624
385	267	urn:nbn:de:kobv:109-1-2418630
386	268	urn:nbn:de:kobv:109-1-2418647
387	269	urn:nbn:de:kobv:109-1-2418655
388	270	urn:nbn:de:kobv:109-1-2418664
389	271	urn:nbn:de:kobv:109-1-2418678
390	272	urn:nbn:de:kobv:109-1-2418689
391	273	urn:nbn:de:kobv:109-1-2418698
392	274	urn:nbn:de:kobv:109-1-2418705
393	275	urn:nbn:de:kobv:109-1-2418716
394	276	urn:nbn:de:kobv:109-1-2418729
395	277	urn:nbn:de:kobv:109-1-2418731
396	278	urn:nbn:de:kobv:109-1-2418746
397	279	urn:nbn:de:kobv:109-1-2418753
398	280	urn:nbn:de:kobv:109-1-2418761
399	281	urn:nbn:de:kobv:109-1-2418774
400	282	urn:nbn:de:kobv:109-1-2418784
401	283	urn:nbn:de:kobv:109-1-2418794
402	284	urn:nbn:de:kobv:109-1-2418801
403	285	urn:nbn:de:kobv:109-1-2418819
404	286	urn:nbn:de:kobv:109-1-2418825
405	287	urn:nbn:de:kobv:109-1-2418833
406	288	urn:nbn:de:kobv:109-1-2418845
407	289	urn:nbn:de:kobv:109-1-2418851
408	290	urn:nbn:de:kobv:109-1-2418867
409	291	urn:nbn:de:kobv:109-1-2418870
410	292	urn:nbn:de:kobv:109-1-2418889
411	293	urn:nbn:de:kobv:109-1-2418890
412	294	urn:nbn:de:kobv:109-1-2418909
413	295	urn:nbn:de:kobv:109-1-2418918
414	296	urn:nbn:de:kobv:109-1-2418925
415	297	urn:nbn:de:kobv:109-1-2418938
416	298	urn:nbn:de:kobv:109-1-2418940
417	299	urn:nbn:de:kobv:109-1-2418951
418	300	urn:nbn:de:kobv:109-1-2418962
419	301	urn:nbn:de:kobv:109-1-2418978
420	302	urn:nbn:de:kobv:109-1-2418980
421	303	urn:nbn:de:kobv:109-1-2418992
422	304	urn:nbn:de:kobv:109-1-2419006
423	305	urn:nbn:de:kobv:109-1-2419017
424	306	urn:nbn:de:kobv:109-1-2419024
425	307	urn:nbn:de:kobv:109-1-2419037
426	308	urn:nbn:de:kobv:109-1-2419047
427	309	urn:nbn:de:kobv:109-1-2419051
428	310	urn:nbn:de:kobv:109-1-2419060
429	311	urn:nbn:de:kobv:109-1-2419072
430	312	urn:nbn:de:kobv:109-1-2419080
431	313	urn:nbn:de:kobv:109-1-2419099
432	314	urn:nbn:de:kobv:109-1-2419103
433	315	urn:nbn:de:kobv:109-1-2419110
434	316	urn:nbn:de:kobv:109-1-2419129
435	317	urn:nbn:de:kobv:109-1-2419139
436	318	urn:nbn:de:kobv:109-1-2419147
437	319	urn:nbn:de:kobv:109-1-2419158
438	320	urn:nbn:de:kobv:109-1-2419167
439	321	urn:nbn:de:kobv:109-1-2419178
440	322	urn:nbn:de:kobv:109-1-2419185
441	323	urn:nbn:de:kobv:109-1-2419196
442	324	urn:nbn:de:kobv:109-1-2419200
443	325	urn:nbn:de:kobv:109-1-2419214
444	326	urn:nbn:de:kobv:109-1-2419225
445	327	urn:nbn:de:kobv:109-1-2419231
446	328	urn:nbn:de:kobv:109-1-2419246
447	329	urn:nbn:de:kobv:109-1-2419256
448	330	urn:nbn:de:kobv:109-1-2419264
449	331	urn:nbn:de:kobv:109-1-2419274
450	332	urn:nbn:de:kobv:109-1-2419280
451	333	urn:nbn:de:kobv:109-1-2419293
452	334	urn:nbn:de:kobv:109-1-2419307
453	335	urn:nbn:de:kobv:109-1-2419317
454	336	urn:nbn:de:kobv:109-1-2419321
455	337	urn:nbn:de:kobv:109-1-2419332
456	338	urn:nbn:de:kobv:109-1-2419345
457	339	urn:nbn:de:kobv:109-1-2419354
458	340	urn:nbn:de:kobv:109-1-2419360
459	341	urn:nbn:de:kobv:109-1-2419370
460	342	urn:nbn:de:kobv:109-1-2419385
461	343	urn:nbn:de:kobv:109-1-2419390
462	344	urn:nbn:de:kobv:109-1-2419404
463	345	urn:nbn:de:kobv:109-1-2419411
464	346	urn:nbn:de:kobv:109-1-2419426
465	347	urn:nbn:de:kobv:109-1-2419434
466	348	urn:nbn:de:kobv:109-1-2419445
467	349	urn:nbn:de:kobv:109-1-2419452
468	350	urn:nbn:de:kobv:109-1-2419467
469	351	urn:nbn:de:kobv:109-1-2419476
470	352	urn:nbn:de:kobv:109-1-2419480
471	353	urn:nbn:de:kobv:109-1-2419497
472	354	urn:nbn:de:kobv:109-1-2419501
473	355	urn:nbn:de:kobv:109-1-2419514
474	356	urn:nbn:de:kobv:109-1-2419522
475	357	urn:nbn:de:kobv:109-1-2419536
476	358	urn:nbn:de:kobv:109-1-2419544
477	359	urn:nbn:de:kobv:109-1-2419550
478	360	urn:nbn:de:kobv:109-1-2419564
479	361	urn:nbn:de:kobv:109-1-2419572
480	362	urn:nbn:de:kobv:109-1-2419586
481	363	urn:nbn:de:kobv:109-1-2419594
482	364	urn:nbn:de:kobv:109-1-2419608
483	365	urn:nbn:de:kobv:109-1-2419618
484	366	urn:nbn:de:kobv:109-1-2419628
485	367	urn:nbn:de:kobv:109-1-2419638
486	368	urn:nbn:de:kobv:109-1-2419644
487	369	urn:nbn:de:kobv:109-1-2419658
488	370	urn:nbn:de:kobv:109-1-2419660
489	371	urn:nbn:de:kobv:109-1-2419678
490	372	urn:nbn:de:kobv:109-1-2419681
491	373	urn:nbn:de:kobv:109-1-2419691
492	374	urn:nbn:de:kobv:109-1-2419705
493	375	urn:nbn:de:kobv:109-1-2419711
494	376	urn:nbn:de:kobv:109-1-2419723
495	377	urn:nbn:de:kobv:109-1-2419739
496	378	urn:nbn:de:kobv:109-1-2419743
497	379	urn:nbn:de:kobv:109-1-2419755
498	380	urn:nbn:de:kobv:109-1-2419767
499	381	urn:nbn:de:kobv:109-1-2419773
500	382	urn:nbn:de:kobv:109-1-2419786
501	383	urn:nbn:de:kobv:109-1-2419798
502	384	urn:nbn:de:kobv:109-1-2419802
503	385	urn:nbn:de:kobv:109-1-2419815
504	386	urn:nbn:de:kobv:109-1-2419829
505	387	urn:nbn:de:kobv:109-1-2419831
506	388	urn:nbn:de:kobv:109-1-2419842
507	389	urn:nbn:de:kobv:109-1-2419853
508	390	urn:nbn:de:kobv:109-1-2419864
509	391	urn:nbn:de:kobv:109-1-2419879
510	392	urn:nbn:de:kobv:109-1-2419881
511	393	urn:nbn:de:kobv:109-1-2419895
512	394	urn:nbn:de:kobv:109-1-2419906
513	395	urn:nbn:de:kobv:109-1-2419912
514	396	urn:nbn:de:kobv:109-1-2419928
515	397	urn:nbn:de:kobv:109-1-2419935
516	398	urn:nbn:de:kobv:109-1-2419946
517	399	urn:nbn:de:kobv:109-1-2419953
518	400	urn:nbn:de:kobv:109-1-2419968
519	401	urn:nbn:de:kobv:109-1-2419977
520	402	urn:nbn:de:kobv:109-1-2419982
521	403	urn:nbn:de:kobv:109-1-2419993
522	404	urn:nbn:de:kobv:109-1-2420007
523	405	urn:nbn:de:kobv:109-1-2420017
524	406	urn:nbn:de:kobv:109-1-2420027
525	407	urn:nbn:de:kobv:109-1-2420032
526	408	urn:nbn:de:kobv:109-1-2420049
527	409	urn:nbn:de:kobv:109-1-2420057
528	410	urn:nbn:de:kobv:109-1-2420069
529	411	urn:nbn:de:kobv:109-1-2420074
530	412	urn:nbn:de:kobv:109-1-2420083
531	413	urn:nbn:de:kobv:109-1-2420096
532	414	urn:nbn:de:kobv:109-1-2420103
533	415	urn:nbn:de:kobv:109-1-2420110
534	416	urn:nbn:de:kobv:109-1-2420122
535	417	urn:nbn:de:kobv:109-1-2420133
536	418	urn:nbn:de:kobv:109-1-2420148
537	419	urn:nbn:de:kobv:109-1-2420154
538	420	urn:nbn:de:kobv:109-1-2420166
539	421	urn:nbn:de:kobv:109-1-2420170
540	422	urn:nbn:de:kobv:109-1-2420188
541	423	urn:nbn:de:kobv:109-1-2420192
542	424	urn:nbn:de:kobv:109-1-2420209
543	425	urn:nbn:de:kobv:109-1-2420213
544	426	urn:nbn:de:kobv:109-1-2420227
545	427	urn:nbn:de:kobv:109-1-2420235
546	428	urn:nbn:de:kobv:109-1-2420247
547	429	urn:nbn:de:kobv:109-1-2420252
548	430	urn:nbn:de:kobv:109-1-2420263
549	431	urn:nbn:de:kobv:109-1-2420276
550	432	urn:nbn:de:kobv:109-1-2420283
551	433	urn:nbn:de:kobv:109-1-2420298
552	434	urn:nbn:de:kobv:109-1-2420305
553	435	urn:nbn:de:kobv:109-1-2420316
554	436	urn:nbn:de:kobv:109-1-2420323
555	437	urn:nbn:de:kobv:109-1-2420336
556	438	urn:nbn:de:kobv:109-1-2420346
557	439	urn:nbn:de:kobv:109-1-2420350
558	440	urn:nbn:de:kobv:109-1-2420369
559	441	urn:nbn:de:kobv:109-1-2420371
560	442	urn:nbn:de:kobv:109-1-2420389
561	443	urn:nbn:de:kobv:109-1-2420394
562	444	urn:nbn:de:kobv:109-1-2420401
563	445	urn:nbn:de:kobv:109-1-2420419
564	446	urn:nbn:de:kobv:109-1-2420428
565	447	urn:nbn:de:kobv:109-1-2420438
566	448	urn:nbn:de:kobv:109-1-2420445
567	1	urn:nbn:de:kobv:109-1-2420457
568	2	urn:nbn:de:kobv:109-1-2420466
569	3	urn:nbn:de:kobv:109-1-2420477
570	4	urn:nbn:de:kobv:109-1-2420484
571	5	urn:nbn:de:kobv:109-1-2420490
572	6	urn:nbn:de:kobv:109-1-2420507
573	7	urn:nbn:de:kobv:109-1-2420512
574	8	urn:nbn:de:kobv:109-1-2420523
575	9	urn:nbn:de:kobv:109-1-2420539
576	10	urn:nbn:de:kobv:109-1-2420545
577	11	urn:nbn:de:kobv:109-1-2420555
578	12	urn:nbn:de:kobv:109-1-2420562
579	13	urn:nbn:de:kobv:109-1-2420573
580	14	urn:nbn:de:kobv:109-1-2420589
581	15	urn:nbn:de:kobv:109-1-2420596
582	16	urn:nbn:de:kobv:109-1-2420603
583	17	urn:nbn:de:kobv:109-1-2420615
584	18	urn:nbn:de:kobv:109-1-2420629
585	19	urn:nbn:de:kobv:109-1-2420631
586	20	urn:nbn:de:kobv:109-1-2420644
587	21	urn:nbn:de:kobv:109-1-2420653
588	22	urn:nbn:de:kobv:109-1-2420669
589	23	urn:nbn:de:kobv:109-1-2420679
590	24	urn:nbn:de:kobv:109-1-2420684
591	25	urn:nbn:de:kobv:109-1-2420692
592	26	urn:nbn:de:kobv:109-1-2420709
593	27	urn:nbn:de:kobv:109-1-2420718
594	28	urn:nbn:de:kobv:109-1-2420724
595	29	urn:nbn:de:kobv:109-1-2420732
596	30	urn:nbn:de:kobv:109-1-2420743
597	31	urn:nbn:de:kobv:109-1-2420750
598	32	urn:nbn:de:kobv:109-1-2420765
599	33	urn:nbn:de:kobv:109-1-2420774
600	34	urn:nbn:de:kobv:109-1-2420789
601	35	urn:nbn:de:kobv:109-1-2420798
602	36	urn:nbn:de:kobv:109-1-2420805
603	37	urn:nbn:de:kobv:109-1-2420811
604	38	urn:nbn:de:kobv:109-1-2420829
605	39	urn:nbn:de:kobv:109-1-2420834
606	40	urn:nbn:de:kobv:109-1-2420842
607	41	urn:nbn:de:kobv:109-1-2420858
